Specimen,Cotyle_height,tub_interglen_extension,ScaleBar,Location of the posterior end of the neural arch relative to the posterior end of the postzygapophyses; 0= postzygapophyses project at or posterior to end of nerural spine; 1= postzygapophyses are anterior to end of nerural spine,CentrumLength,Cen_to_NeuAr,Cen_to_PoZy,1,2,3,4,5,6,7a,8a,9a,10a,11a,12a,13a,7b,8b,9b,10b,11b,12b,13b,7c,8c,9c,10c,11c,12c,13c,7d,8d,9d,10d,11d,12d,13d,14,15,16,17,18,19,20,SVL_A,SVL_P,TL,Life Stage,Sex,specimen_num,species
A.annulatum_1585,1.157,0.165,YES,0,3.946,0.354,0.886,3.38,3.38,1.17,2.32,2.73,1.08,3.08,1.08,1.15,2.38,2.35,3.97,2.58,3.78,1.26,1.35,2.58,2.68,4.98,2.79,3.99,1.34,1.36,2.71,2.81,5.2,2.86,3.97,1.3,1.37,2.72,2.82,5.21,2.79,3.61,1.31,1.26,2.75,2.68,4.83,2.64,94,101,195,,Female,A.annulatum_UTEP_1585,A.annulatum
A.annulatum_1586,1.402,0.19,YES,0,3.778,0.588,0.912,3.36,3.21,1.31,2.49,2.91,1.22,3.14,1.14,1.3,2.5,2.28,4.18,2.6,3.6,1.34,1.38,2.56,2.45,4.8,2.85,3.63,1.38,1.37,2.61,2.5,4.94,2.75,3.63,1.46,1.37,2.55,2.6,4.93,2.72,3.56,1.31,1.34,2.66,2.45,4.54,2.48,87,98,180,,Male,A.annulatum_UTEP_1586,A.annulatum
A.annulatum_1587,1.348,0.177,YES,0,3.694,0.33,0.85,3.5,3.42,1.29,2.46,2.96,1.3,3.08,1.23,1.35,2.56,2.77,4.02,2.85,3.47,1.48,1.48,2.84,2.62,4.57,2.8,3.65,1.45,1.49,2.9,2.69,4.92,2.77,3.71,1.4,1.42,2.88,2.74,4.87,2.76,3.42,1.39,1.38,3.16,2.83,4.5,2.66,83,95,180,,Male,A.annulatum_UTEP_1587,A.annulatum
A.annulatum_1588,1.27,0.171,YES,0,3.738,0.181,0.744,3.42,3.61,1.3,2.57,2.87,1.28,2.95,1.2,1.33,2.61,2.43,3.86,2.78,3.41,1.42,1.5,2.63,2.43,4.55,2.91,3.67,1.48,1.48,2.64,2.5,4.81,2.68,3.61,1.43,1.44,2.69,2.49,4.77,2.65,3.21,1.45,1.4,2.74,2.51,4.48,2.5,84,93,172,,Male,A.annulatum_UTEP_1588,A.annulatum
A.annulatum_1589,1.272,0.222,YES,0,3.649,0.382,0.835,3.12,3.44,1.24,2.29,2.77,1.24,2.78,1.2,1.23,2.38,2.43,3.61,2.68,3.4,1.32,1.35,2.46,2.43,4.45,2.8,3.52,1.38,1.27,2.62,2.61,4.63,2.7,3.61,1.37,1.34,2.69,2.58,4.74,2.72,3.42,1.34,1.24,2.69,2.6,4.33,2.56,83,92,170,,Male,A.annulatum_UTEP_1589,A.annulatum
A.annulatum_1591,1.29,0.228,YES,0,3.947,0,0.525,3.05,3.18,1.24,2.27,2.61,1.38,2.86,1.27,1.31,2.47,2.21,3.91,2.59,3.52,1.46,1.38,2.5,2.24,4.49,2.69,3.75,1.5,1.48,2.49,2.33,4.81,2.61,3.56,1.43,1.42,2.47,2.36,4.66,2.64,3.31,1.34,1.25,2.7,2.67,4.39,2.39,86,98,190,,Male,A.annulatum_UTEP_1591,A.annulatum
A.gracile_1595,1.398,0.186,YES,0,2.801,0.788,0.664,3.68,3.74,1.33,2.73,3.46,1.2,2.78,1.21,1.23,2.81,2.55,3.61,3.4,2.89,1.22,1.24,2.52,2.36,3.81,3.14,2.82,1.23,1.2,2.55,2.43,3.93,2.94,2.96,1.19,1.18,2.39,2.25,3.87,2.97,3.05,1.16,1.18,2.45,2.28,3.82,2.89,70,75,145,,,A.gracile_UTEP_1595,A.gracile
A.gracile_1597,1.241,0.214,YES,1,2.905,0.824,0.618,3.57,3.33,1.13,2.36,3.2,1.19,2.57,1.12,1.25,2.4,2.2,3.22,3.16,2.77,1.29,1.26,2.26,2.21,3.4,3.02,2.94,1.26,1.2,2.36,2.41,3.68,2.88,2.98,1.22,1.21,2.39,2.42,3.76,2.9,2.78,1.29,1.2,2.54,2.15,3.43,2.67,67,73,135,,Female,A.gracile_UTEP_1597,A.gracile
A.gracile_1598,1.113,0.177,YES,0,2.767,0.627,0.738,3.11,2.91,1.09,,3.14,1.02,2.43,0.95,1,2.28,2.05,3.03,3.2,2.57,1.03,0.97,2.11,2.03,3.46,2.84,2.64,0.98,0.95,2.1,2.03,3.54,2.79,2.6,1.05,0.84,2,2.01,3.54,2.93,2.57,0.93,0.95,2.03,1.91,3.56,2.81,66,73,132,,,A.gracile_UTEP_1598,A.gracile
A.gracile_1599,,,YES,0,2.57,0.692,0.648,3.2,3.21,0.95,2.31,3.21,1.06,2.45,1.04,1.08,2.37,2.09,3,3.11,2.6,1.08,1.08,2.15,2.01,3.33,2.91,2.6,1.12,1.04,2.21,2.11,3.45,2.77,2.64,1.09,1.05,2.19,2.09,3.42,2.84,2.57,1.16,1.09,2.3,2.09,3.27,2.79,65,71,125,,Female,A.gracile_UTEP_1599,A.gracile
A.gracile_1603,,,YES,1,2.517,0.699,0.602,3.23,3.14,1.24,2.58,3.25,1.07,2.32,1.1,1.22,2.7,2.22,3.15,2.91,2.43,1.09,1.05,2.25,2.17,3.23,2.86,2.47,1.03,1.04,2.24,2.21,3.3,2.58,2.53,1.07,1.01,2.21,2.21,3.37,2.66,2.45,1.09,1.07,2.34,2.06,3.23,2.51,61,66,120,,Male,A.gracile_UTEP_1603,A.gracile
A.gracile_1608,0.923,0.109,,,,,,2.27,2.34,0.86,1.67,2.68,0.98,1.77,0.95,0.95,1.84,1.46,2.37,2.71,1.92,1.02,1.02,1.48,1.44,2.56,2.53,1.95,0.97,0.98,1.47,1.41,2.62,2.39,1.89,0.96,0.96,1.44,1.36,2.58,2.4,1.85,0.98,1,1.56,1.3,2.45,2.47,48,52,92,,Male,A.gracile_UTEP_1608,A.gracile
A.gracile_1615,1.012,0.079,YES,0,2.498,0.776,0.484,3.52,3.28,1.06,2.61,3.48,1.3,2.48,1.24,1.35,2.61,2.19,3.18,3.39,2.64,1.32,1.33,2.2,2.16,3.29,3.08,2.59,1.32,1.24,2.42,2.41,3.49,2.77,2.62,1.23,1.2,2.48,2.42,3.31,2.84,2.56,1.3,1.16,2.59,2.28,3.25,2.77,62,67,126,,Female,A.gracile_UTEP_1615,A.gracile
A.gracile_1616,,,YES,0,3.342,0.64,0.7,3.27,3.37,1.36,2.71,3.51,1.32,2.76,1.23,1.34,2.84,2.4,3.59,3.5,3.1,1.36,1.37,2.55,2.51,3.98,3.38,3.23,1.33,1.39,2.66,2.64,4.23,3.08,3.29,1.28,1.26,2.59,2.53,4.26,3.23,3.21,1.38,1.31,2.62,2.31,4.19,3.15,75,83,150,,Female,A.gracile_UTEP_1616,A.gracile
A.gracile_1617,1.329,0.224,YES,1,2.972,0.819,0.643,3.67,3.41,1.25,2.43,3.65,1.28,2.89,1.26,1.21,2.55,2.35,3.61,3.46,3.11,1.24,1.28,2.23,2.31,3.82,3.11,2.95,1.24,1.2,2.28,2.44,3.99,2.94,3.04,1.22,1.23,2.29,2.17,3.68,2.99,2.93,1.31,1.24,2.38,2.19,3.72,2.79,72,82,159,,Male,A.gracile_UTEP_1617,A.gracile
A.gracile_1618,1.289,0.285,YES,1,2.825,1.082,0.637,,3.22,1.27,2.38,3.54,1.18,2.49,1.13,1.09,2.42,2.12,3.23,3.59,2.66,1.17,1.15,2.18,2.03,3.5,3.24,2.71,1.16,1.16,2.19,2.15,3.66,3.02,2.74,1.07,1.14,2.22,2.17,3.74,3.02,2.74,1.1,1.11,2.31,2.14,3.64,2.72,71,77,143,,Male,A.gracile_UTEP_1618,A.gracile
A.jeffersonianum_1738,,,NO,1,3.737,0.833,0.667,3.42,3.44,1.15,3.02,3.2,1.26,3.24,1.24,1.38,2.97,2.82,4.16,2.76,3.6,1.3,1.32,3.03,2.91,4.44,2.92,3.73,1.36,1.28,3.05,3.02,4.76,2.83,3.64,1.33,1.28,3.11,3.04,4.72,2.83,3.27,1.27,1.25,3.16,3.03,4.32,2.5,84,91,155,,Female,A.jeffersonianum_UTEP_1738,A.jeffersonianum
A.jeffersonianum_1740,,,NO,1,3.295,0.631,0.491,3.08,3.28,1.02,2.45,3.13,1.1,2.87,1.1,1.18,2.5,2.69,3.72,2.84,3.29,1.16,1.19,2.73,2.69,4.17,2.81,3.37,1.18,1.21,2.81,2.75,4.27,2.64,3.35,1.15,1.15,2.75,2.77,4.23,2.61,3.24,1.25,1.2,2.92,2.82,4.2,2.65,75,84,165,,Male,A.jeffersonianum_UTEP_1740,A.jeffersonianum
A.jeffersonianum_1741,1.108,0.274,NO,0,3.228,0.594,0.525,3.26,3.17,1.18,2.48,2.98,1.17,2.75,1.06,1.18,2.4,2.45,3.57,2.6,3.09,1.15,1.19,2.5,2.48,3.85,2.71,3.27,1.16,1.21,2.67,2.72,4.12,2.52,3.16,1.19,1.21,2.69,2.71,4.06,2.58,2.91,1.23,1.23,2.78,2.5,3.73,2.41,76,83,161,,Male,A.jeffersonianum_UTEP_1741,A.jeffersonianum
A.jeffersonianum_1742,,,NO,1,3.325,0.658,0.371,2.96,3.28,1.24,2.35,3.02,1.06,2.85,1.08,1.08,2.42,2.51,3.54,2.82,3.33,1.16,1.17,2.6,2.49,4.14,2.72,3.31,1.17,1.19,2.57,2.58,4.17,2.55,3.48,1.3,1.2,2.57,2.64,4.27,2.68,3.01,1.23,1.13,2.72,2.6,3.77,2.35,77,83,160,,Female,A.jeffersonianum_UTEP_1742,A.jeffersonianum
A.jeffersonianum_1743,,,NO,0,3.529,0.62,0.629,,3.18,1.23,2.23,3,1.18,2.69,1.14,1.2,2.31,2.21,3.52,2.82,3.09,1.2,1.24,2.54,2.49,3.83,2.79,3.42,1.25,1.24,2.7,2.69,4.2,2.79,3.25,1.28,1.23,2.78,2.75,4.2,2.83,3.16,1.21,1.23,2.99,2.78,4.22,2.65,74,82,150,,Male,A.jeffersonianum_UTEP_1743,A.jeffersonianum
A.jeffersonianum_1744,,,YES,0,3.055,0.338,0.574,3.29,3.18,1.07,2.42,2.9,1.22,2.91,1.19,1.2,2.46,2.37,3.73,2.74,3.16,1.3,1.24,2.47,2.49,4,2.79,3.15,1.26,1.25,2.57,2.51,4.08,2.83,3.08,1.22,1.23,2.56,2.6,3.97,2.74,3.05,1.22,1.21,2.77,2.53,3.9,2.51,73,82,160,,Male,A.jeffersonianum_UTEP_1744,A.jeffersonianum
A.jeffersonianum_1745,1.13,0.274,NO,0,3.446,0.598,0.58,3.3,3.38,1.17,2.5,3.13,1.17,2.85,1.1,1.19,2.47,2.49,3.6,2.83,3.19,1.21,1.27,2.74,2.66,4.06,2.75,3.43,1.25,1.3,2.7,2.77,4.22,2.65,3.39,1.24,1.27,2.79,2.79,4.5,2.73,3.04,1.24,1.23,2.87,2.69,3.92,2.4,75,81,150,,Female,A.jeffersonianum_UTEP_1745,A.jeffersonianum
A.jeffersonianum_1748,1.068,0.211,NO,0,3.035,0.574,0.47,,2.97,1.15,2.24,2.94,1.13,2.43,1.03,1.09,2.22,2.23,3.21,2.68,2.85,1.11,1.07,2.48,2.47,3.58,2.51,3.01,1.13,1.11,2.55,2.53,3.84,2.42,3.01,1.06,1.1,2.54,2.53,3.89,2.5,2.73,1.08,1.08,2.64,2.49,3.57,2.46,71,78,148,,Male,A.jeffersonianum_UTEP_1748,A.jeffersonianum
A.jeffersonianum_1750,1.063,0.214,NO,1,2.898,0.671,0.49,2.72,2.88,1.16,2.15,2.77,1.08,2.41,0.87,1.04,2.18,2.12,2.94,2.56,2.76,1.18,1.08,2.31,2.33,3.46,2.46,2.82,1.16,1.12,2.37,2.41,3.57,2.36,2.88,1.09,1.07,2.35,2.41,3.66,2.48,2.78,1.02,1.07,2.63,2.4,3.61,2.42,68,74,95,,Male,A.jeffersonianum_UTEP_1750,A.jeffersonianum
A.jeffersonianum_1752,,,NO,1,2.993,0.563,0.461,2.89,2.79,1.14,2.11,2.63,0.99,2.4,1,1.03,2.15,2.16,3.16,2.57,2.77,1.09,1.1,2.15,2.05,3.52,2.51,2.88,1.06,1.09,2.11,2.06,3.69,2.34,2.88,1.04,1.08,2.13,2.12,3.74,2.36,2.7,1.11,1.1,2.24,2.04,3.4,2.28,62,73,132,,Male,A.jeffersonianum_UTEP_1752,A.jeffersonianum
A.jeffersonianum_1761,,,YES,0,3.519,0.464,0.734,3.4,3.8,1.26,2.72,3.14,1.31,3.1,1.23,1.45,2.64,2.83,3.87,2.86,3.39,1.33,1.45,2.82,3.01,4.31,3.02,3.6,1.36,1.38,3.01,3.08,4.62,3.03,3.77,1.34,1.36,3.06,3.11,4.86,3.14,3.1,1.41,1.33,3.26,3.18,4.31,2.82,80,88,175,,Male,A.jeffersonianum_UTEP_1761,A.jeffersonianum
A.jeffersonianum_640,1.013,0.147,,,,,,3.06,3.22,1.09,2.37,3.05,1.19,2.68,1.31,1.27,2.37,2.32,3.3,2.85,3.07,1.32,1.32,2.38,2.35,3.74,2.74,3.27,1.37,1.28,2.48,2.52,4.02,2.55,3.28,1.28,1.24,2.47,2.4,4.03,2.69,3.1,1.25,1.26,2.6,2.52,4.01,2.64,73,82,160,,Male,A.jeffersonianum_UTEP_640,A.jeffersonianum
A.jeffersonianum_642,1.106,0.177,,,,,,3.21,2.91,1.15,2.21,3.02,1.23,2.95,1.27,1.19,2.33,2.37,3.44,2.92,3.27,1.25,1.24,2.42,2.39,3,2.85,3.36,1.28,1.28,2.53,2.53,4.23,2.73,3.3,1.25,1.24,2.59,2.56,4.28,2.74,3.16,1.29,1.28,2.71,2.56,4.03,2.56,76,84,160,,Male,A.jeffersonianum_UTEP_642,A.jeffersonianum
A.laterale_100576,0.958,0.204,YES,0,2.347,0.386,0.474,2.17,2.36,0.975,1.56,2.31,0.716,1.95,0.693,0.787,1.68,1.55,2.51,2.07,2.25,0.819,0.846,1.6,1.61,2.9,2.06,2.35,0.879,0.808,1.72,1.63,3.1,2.02,2.35,0.819,0.787,1.7,1.73,3.03,2.02,2.08,0.775,0.753,1.83,1.7,2.73,1.77,,,,,,A.laterale_TNHC_100576,A.laterale
A.laterale_114413,0.954,0.078,YES,0,2.186,0.18,0.345,2.21,2.16,0.93,1.64,2.08,0.82,1.77,0.78,0.83,1.77,1.66,2.31,1.93,2.02,0.86,0.85,1.64,1.54,2.65,1.91,2.11,0.85,0.85,1.66,1.63,2.71,1.77,2.03,0.91,0.8,1.65,1.63,2.81,1.83,1.88,0.84,0.8,1.79,1.64,2.53,1.68,,,,,,A.laterale_TNHC_114413,A.laterale
A.laterale_114414,0.999,0.13,YES,0,2.978,0.16,0.351,2.45,2.61,0.92,1.67,2.17,0.91,2.2,0.93,0.97,1.78,1.83,2.79,2.08,2.58,1.03,1,1.94,1.94,3.35,2.16,2.85,1,0.99,2.01,2.02,3.62,2.01,2.93,1.02,0.98,2,2.01,3.67,1.96,2.52,1.04,0.93,2.14,2.04,3.2,1.77,,,,,,A.laterale_TNHC_114414,A.laterale
A.mabeei_1576,0.538,0.061,YES,0,1.306,0.235,0.319,1.75,1.44,0.6,1.19,1.72,0.78,1.18,0.67,0.61,1.34,1.08,1.52,1.56,1.38,0.64,0.59,1.02,0.97,1.74,1.48,1.4,0.63,0.65,1.04,0.92,1.74,1.35,1.34,0.6,0.6,0.98,0.98,1.65,1.4,1.29,0.67,0.62,1.14,0.99,1.55,1.45,34,37,56,"""Raised from larva""",,A.mabeei_UTEP_1576,A.mabeei
A.mabeei_1577,1.043,0.18,YES,0,1.842,0.434,0.493,2.1,2.41,0.92,1.72,2.25,0.82,1.58,0.79,0.79,1.72,1.57,2.19,2.01,1.88,0.8,0.81,1.61,1.54,2.47,2,1.91,0.77,0.78,1.61,1.6,2.55,1.8,1.86,0.79,0.79,1.65,1.63,2.46,1.77,1.89,0.78,0.78,1.76,1.56,2.39,1.68,44,47,68,,Female,A.mabeei_UTEP_1577,A.mabeei
A.mabeei_1578,1.048,0.199,YES,0,2.087,0.327,0.452,2.19,2.5,0.99,1.45,2.18,0.89,1.7,0.83,0.86,1.54,1.56,2.16,2.02,2.03,0.87,0.9,1.55,1.5,2.68,2.05,2.05,0.83,0.83,1.59,1.56,2.77,1.83,1.98,0.85,0.84,1.6,1.62,2.67,1.75,1.89,0.79,0.8,1.68,1.52,2.48,1.59,,47,83,,,A.mabeei_UTEP_1578,A.mabeei
A.mabeei_1579,0.946,0.161,YES,0,1.997,0.305,0.466,2.12,2.44,0.85,1.94,2.21,0.86,1.82,0.89,0.84,1.92,1.77,2.31,2.08,1.97,0.89,0.91,1.87,1.83,2.69,2.09,2.01,0.91,0.9,1.82,1.82,2.87,1.97,2.05,0.9,0.86,1.88,1.91,2.82,2.01,1.94,0.9,0.89,1.99,1.8,2.63,1.86,44,50,85,,Male,A.mabeei_UTEP_1579,A.mabeei
A.mabeei_1580,1.051,0.177,YES,0,2.091,0.412,0.613,2.29,2.62,1.05,1.74,2.34,0.91,1.67,0.87,1,1.83,1.68,2.25,2.16,2.07,0.95,0.96,1.68,1.61,2.66,2.11,2.07,0.95,0.97,1.74,1.72,2.91,1.99,2.05,0.96,0.93,1.71,1.71,2.8,1.92,2.02,0.88,0.89,1.85,1.67,2.72,1.78,48,51,86,,Female,A.mabeei_UTEP_1580,A.mabeei
A.mabeei_1581,1.072,0.108,,,,,,2.35,2.49,0.98,1.62,2.31,0.86,,,,,,,,,,,,,,,,,,,,,,,,,,,,,,,,,,,,53,57,95,,Female,A.mabeei_UTEP_1581,A.mabeei
A.mabeei_1582,1.034,0.203,YES,0,2.373,0.349,0.532,2.35,2.53,1.04,1.86,2.31,0.97,1.82,0.9,0.95,1.89,1.73,2.46,2.21,2.21,0.94,0.97,1.77,1.63,2.88,2.22,2.26,0.96,0.94,1.81,1.72,2.94,1.94,2.21,0.96,0.89,1.74,1.81,2.94,1.95,1.96,0.93,0.89,1.97,1.77,2.62,1.85,,58,,,Female,A.mabeei_UTEP_1582,A.mabeei
A.mabeei_1583,1.06,0.166,YES,0,2.601,0.206,0.483,2.31,2.82,1.03,1.96,2.5,1.04,2,0.97,1.05,2.06,2.11,2.64,2.29,2.48,1.06,1.08,1.99,2.03,3.28,2.33,2.57,1.01,1.09,2.07,2.08,3.39,2.23,2.42,0.95,1.02,2.1,2.09,3.27,2.03,2.39,1,1.08,2.21,2.18,3.24,2.04,56,61,94,,Female,A.mabeei_UTEP_1583,A.mabeei
A.mabeei_1584,1.102,0.238,YES,0,2.78,0.179,0.456,2.51,2.71,1.01,1.94,2.6,1.15,2.25,1.14,1.11,2.04,1.87,2.94,2.34,2.57,1.13,1.1,1.93,1.9,3.38,2.33,2.75,1.06,1.09,2.04,2.05,3.54,2.18,2.74,1.05,1.05,2.09,2.04,3.51,2.12,2.45,0.99,0.97,2.1,1.97,3.19,2.01,60,63,94,,Female,A.mabeei_UTEP_1584,A.mabeei
A.macrodactylum_1271,0.706,0.063,NO,0,1.936,0.351,0.433,1.84,2.03,0.76,1.49,1.97,0.76,1.55,0.74,0.78,1.56,1.42,2.02,1.81,1.91,0.77,0.77,1.46,1.54,2.5,1.82,1.92,0.79,0.81,1.57,1.64,2.56,1.67,2.02,0.77,0.79,1.7,1.58,2.63,1.69,2.09,0.85,0.8,1.75,1.68,2.74,1.59,47,51,102,,,A.macrodactylum_UTEP_1271,A.macrodactylum
A.macrodactylum_1365,,,NO,0,2.485,0.26,0.391,2.06,2.28,0.85,1.87,2.09,0.83,1.98,0.86,0.86,1.87,1.68,2.46,1.85,2.29,0.84,0.84,1.71,1.68,2.83,1.74,2.49,0.87,0.83,1.71,1.74,2.99,1.62,2.47,0.84,0.88,1.75,1.78,3.09,1.62,2.14,0.88,0.82,1.9,1.76,2.74,1.52,54,59,98,,Female,A.macrodactylum_UTEP_1365,A.macrodactylum
A.macrodactylum_1384,0.842,0.124,NO,0,2.511,0.196,0.386,2.1,2.39,0.89,1.59,2.08,0.9,1.98,0.89,0.88,1.63,1.66,2.56,1.98,2.28,0.84,0.87,1.68,1.6,2.97,1.94,2.45,0.9,0.92,1.83,1.65,3.14,1.82,2.43,0.85,0.83,1.7,1.76,3.11,1.85,2.26,0.84,0.87,1.84,1.75,2.85,1.66,55,58,103,,Female,A.macrodactylum_UTEP_1384,A.macrodactylum
A.macrodactylum_1393,0.69,0.135,NO,0,2.069,0.132,0.322,2.23,2.11,0.75,1.71,1.99,0.84,1.85,0.78,0.81,1.72,1.48,2.28,1.81,2.05,0.82,0.82,1.58,1.53,2.61,1.81,2.05,0.88,0.84,1.62,1.55,2.67,1.74,2.08,0.88,0.84,1.57,1.62,2.72,1.71,2.09,0.85,0.84,1.71,1.47,2.59,1.59,48,52,95,,Female,A.macrodactylum_UTEP_1393,A.macrodactylum
A.macrodactylum_1394,0.76,0.12,NO,0,1.845,0.321,0.435,2.03,2.13,0.79,1.42,2.03,0.7,1.71,0.75,0.75,1.53,1.5,2.2,1.8,1.85,0.74,0.78,1.56,1.54,2.44,1.72,1.87,0.73,0.75,1.64,1.59,2.58,1.61,1.87,0.72,0.75,1.66,1.65,2.57,1.53,1.92,0.79,0.76,1.84,1.68,2.44,1.53,47,52,103,,Male,A.macrodactylum_UTEP_1394,A.macrodactylum
A.macrodactylum_1399,0.795,0.057,NO,0,2.129,0.187,0.368,2.09,2.15,0.84,1.6,2.07,0.82,1.77,0.82,0.81,1.63,1.47,2.11,1.9,2.05,0.82,0.84,1.52,1.44,2.57,1.89,2.09,0.87,0.84,1.6,1.58,2.74,1.72,2.17,0.82,0.83,1.57,1.63,2.89,1.78,1.95,0.84,0.8,1.69,1.54,2.6,1.62,51,55,102,,Female,A.macrodactylum_UTEP_1399,A.macrodactylum
A.macrodactylum_1400,,,NO,0,2.265,0.283,0.392,2.18,2.13,0.78,1.56,2.1,0.79,1.95,0.82,0.79,1.59,1.66,2.42,1.96,2.15,0.86,0.81,1.52,1.56,2.83,1.93,2.23,0.82,0.81,1.59,1.59,2.83,1.86,2.36,0.89,0.81,1.6,1.64,3.06,1.85,2.27,0.86,0.86,1.77,1.64,2.92,1.78,54,58,90,,Female,A.macrodactylum_UTEP_1400,A.macrodactylum
A.macrodactylum_1401,,,NO,0,2.107,0.266,0.462,2.45,2.27,0.93,1.78,2.18,0.77,1.98,0.79,0.78,1.79,1.7,2.6,2.07,2.18,0.86,0.78,1.71,1.72,2.85,2.01,2.15,0.86,0.8,1.81,1.8,2.92,1.89,2.14,0.95,0.83,1.78,1.86,2.87,1.85,2.21,0.79,0.79,2.02,1.94,2.88,1.71,53,58,114,,Male,A.macrodactylum_UTEP_1401,A.macrodactylum
A.macrodactylum_1402,0.912,0.099,NO,0,2.195,0.266,0.414,2.19,2.16,0.73,1.65,2.03,0.74,1.93,0.75,0.74,1.69,1.49,2.48,1.88,2.13,0.74,0.8,1.6,1.5,2.66,1.78,2.19,0.79,0.8,1.63,1.57,2.85,1.72,2.25,0.77,0.74,1.64,1.6,2.82,1.78,2.34,0.82,0.79,1.75,1.66,3.06,1.66,53,58,109,,,A.macrodactylum_UTEP_1402,A.macrodactylum
A.macrodactylum_1403,0.827,0.108,NO,0,2.221,0.221,0.459,2.24,2.25,0.84,1.68,2.13,0.73,1.96,0.73,0.72,1.71,1.56,2.5,1.9,2.22,0.75,0.73,1.57,1.61,2.82,1.83,2.19,0.8,0.71,1.68,1.66,2.86,1.7,2.29,0.74,0.76,1.69,1.76,2.93,1.73,2.34,0.83,0.78,1.81,1.86,2.93,1.55,55,60,113,,Male,A.macrodactylum_UTEP_1403,A.macrodactylum
A.macrodactylum_1404,,,NO,0,2.527,0,0.343,2.38,2.23,0.84,1.65,2.11,0.84,2.12,0.76,0.85,1.67,1.57,2.62,1.92,2.35,0.81,0.82,1.6,1.61,3.02,1.95,2.47,0.84,0.82,1.63,1.72,3.14,1.85,2.55,0.86,0.82,1.65,1.74,3.15,1.86,2.25,0.83,0.83,1.77,1.62,2.78,1.62,57,61,93,,Female,A.macrodactylum_UTEP_1404,A.macrodactylum
A.macrodactylum_1405,0.85,0.098,NO,0,2.747,0.155,0.305,2.62,2.68,0.98,1.86,2.28,0.96,2.39,0.88,1.05,1.9,1.9,3.1,2.1,2.59,0.94,0.94,1.99,2.02,3.29,2,2.75,0.91,0.96,2.06,2.04,3.48,1.8,2.91,0.96,0.93,2.05,2.19,3.52,1.9,2.64,0.88,0.9,2.2,2.11,3.27,1.8,63,67,129,,Female,A.macrodactylum_UTEP_1405,A.macrodactylum
A.maculatum_1407,1.596,0.438,NO,0,3.956,0.404,0.711,3.89,3.92,1.55,2.81,3.8,1.42,3.56,1.34,1.4,2.72,2.59,4.26,3.28,3.66,1.76,1.48,2.62,2.89,4.64,3.31,3.93,1.45,1.44,3.05,3.15,5.03,3.07,3.8,1.43,1.5,3.06,3.24,4.98,3.2,3.7,1.47,1.43,3.25,2.89,4.75,3,87,94,177,,Female,A.maculatum_UTEP_1407,A.maculatum
A.maculatum_1411,1.667,0.29,NO,1,4.078,0.853,0.655,3.72,3.74,1.62,2.83,3.61,1.45,3.51,1.46,1.5,2.85,2.95,4.61,3.44,4.01,1.46,1.46,3.06,2.97,5.12,3.29,4.05,1.44,1.45,3.25,3.22,5.17,3.03,4.04,1.55,1.44,3.27,3.34,5.21,3.11,4.01,1.48,1.52,3.63,3.46,4.89,3.04,83,91,125,,Female,A.maculatum_UTEP_1411,A.maculatum
A.maculatum_1413,1.574,0.447,NO,0,3.759,0.589,0.705,3.63,3.73,1.55,2.89,3.45,1.36,3.35,1.19,1.32,2.77,2.65,4.2,3.18,3.88,1.37,1.37,2.73,2.82,4.7,3.04,3.73,1.28,1.3,3.04,2.96,4.85,2.84,3.72,1.3,1.31,3.09,3.08,4.71,2.87,3.65,1.43,1.3,3.21,3.02,4.55,2.75,83,91,182,,Male,A.maculatum_UTEP_1413,A.maculatum
A.maculatum_1415,1.59,0.329,NO,0,3.87,0.518,0.747,3.68,4.18,1.58,3.13,3.71,3.29,3.26,1.4,1.66,3.11,2.97,4.2,3.33,3.69,1.45,1.56,3,3.06,4.79,3.24,3.87,1.46,1.48,3.23,3.37,5.1,3.02,3.77,1.37,1.45,3.15,3.18,5.08,3.14,3.92,1.5,1.49,3.74,3.54,4.67,2.98,80,90,160,,Male,A.maculatum_UTEP_1415,A.maculatum
A.maculatum_1422,1.338,0.251,NO,1,3.513,0.743,0.54,3.48,3.63,1.4,2.51,3.43,1.3,2.81,1.22,1.28,2.49,2.3,3.56,3.21,3.33,1.35,1.31,2.53,2.52,4.13,3.05,3.4,1.3,1.28,2.75,2.7,4.31,2.68,3.38,1.28,1.27,2.72,2.7,4.19,2.77,3.25,1.23,1.29,2.87,2.83,4.07,2.69,77,87,155,,Male,A.maculatum_UTEP_1422,A.maculatum
A.maculatum_1423,1.481,0.361,NO,1,3.612,0.776,0.69,3.61,3.92,1.43,2.86,3.43,1.44,3.33,1.18,1.27,2.94,2.83,4.13,3.2,3.71,1.39,1.38,2.92,2.97,4.46,3.11,3.6,1.4,1.41,3.17,3.11,4.64,2.91,3.67,1.55,1.36,3.12,3.07,4.81,2.96,3.58,1.37,1.32,3.37,3.13,4.47,2.8,75,84,152,,Male,A.maculatum_UTEP_1423,A.maculatum
A.maculatum_1424,1.368,0.333,NO,1,3.58,0.705,0.446,3.58,3.6,1.45,2.55,3.22,1.21,3.19,1.14,1.31,2.61,2.54,3.84,3.12,3.41,1.23,1.28,2.6,2.63,4.32,2.94,3.48,1.24,1.2,2.72,2.75,4.33,2.72,3.33,1.26,1.29,2.96,2.98,4.31,2.76,3.39,1.32,1.43,3.13,2.95,4.28,2.69,76,84,158,,Male,A.maculatum_UTEP_1424,A.maculatum
A.maculatum_1426,1.377,0.237,NO,0,3.776,0.441,0.541,3.44,4.03,1.41,2.98,3.53,1.47,3.07,1.27,1.46,2.99,2.88,3.77,3.23,3.61,1.37,1.44,2.89,2.87,4.48,3.13,3.75,1.4,1.6,3.04,3.02,4.81,2.86,3.56,1.45,1.42,3.1,3.11,4.63,2.91,3.56,1.39,1.45,3.32,3.25,4.6,2.84,72,82,135,,Male,A.maculatum_UTEP_1426,A.maculatum
A.maculatum_1431,1.428,0.488,NO,1,3.767,0.664,0.543,3.67,3.87,1.66,2.81,3.53,1.23,3.46,1.17,1.28,2.79,2.64,4.06,3.38,3.76,1.34,1.41,2.72,2.77,4.57,3.21,3.71,1.42,1.37,2.94,2.86,4.76,2.89,3.52,1.39,1.33,2.82,2.99,4.67,2.89,3.5,1.26,1.24,3,2.93,4.54,2.78,73,80,,,Male,A.maculatum_UTEP_1431,A.maculatum
A.maculatum_1436,1.23,0.222,NO,1,2.409,0.462,0.363,2.58,2.97,1.24,1.95,2.47,0.97,2.41,1,1.02,1.68,1.66,3.16,2.27,2.58,1,1.02,1.73,1.74,3.23,2.28,2.36,1.34,1.16,1.78,1.79,3.06,2.18,2.45,1.02,1.26,1.97,2,3.19,2.22,2.38,1.08,1.04,2.07,1.88,3.17,2.02,57,62,,,Female,A.maculatum_UTEP_1436,A.maculatum
A.maculatum_1438,,,NO,0,1.46,0.319,0.294,,,,,,,1.41,0.59,0.64,1.41,1.2,1.69,1.76,1.56,0.72,0.7,1.17,1.08,1.99,1.72,1.46,0.57,0.57,1.2,1.1,1.92,1.67,1.48,0.59,0.68,1.27,1.15,1.92,1.62,1.41,0.62,0.57,1.25,1.06,1.75,1.61,40,44,71,,Female,A.maculatum_UTEP_1438,A.maculatum
A.maculatum_1458,,,NO,0,3.895,0.553,0.588,3.91,4.17,1.68,2.88,3.67,1.38,3.59,1.39,1.44,2.91,2.54,4.14,3.58,3.86,1.44,1.51,2.73,2.89,4.77,3.31,3.79,1.43,1.5,3.1,3.12,4.88,3.25,3.89,1.42,1.45,3.03,3.09,4.95,3.12,3.64,1.45,1.46,3.41,3.24,4.69,3.07,87,97,182,,Male,A.maculatum_UTEP_1458,A.maculatum
A.maculatum_1468,,,NO,0,3.583,0.574,0.67,3.49,3.96,1.49,2.61,3.39,1.37,3.21,1.33,1.44,2.67,2.58,3.9,3.17,3.52,1.53,1.38,2.74,2.81,4.37,3.19,3.58,1.47,1.46,3.01,2.94,4.63,2.92,3.36,1.38,1.42,2.97,2.96,4.37,2.94,3.46,1.56,1.52,3.15,3.06,4.5,2.85,85,93,172,,Male,A.maculatum_UTEP_1468,A.maculatum
A.maculatum_643,1.56,0.244,,,,,,3.64,3.68,1.46,2.72,3.6,1.22,3.01,1.13,1.31,2.69,2.67,4.05,3.47,3.58,1.34,1.31,2.8,2.8,4.45,3.44,3.62,1.33,1.31,3.04,3.05,4.72,3.18,3.51,1.33,1.29,3.09,3.17,4.6,3.11,3.68,1.22,1.42,3.38,2.91,4.63,3.05,79,87,155,,Male,A.maculatum_UTEP_643,A.maculatum
A.maculatum_644,1.496,0.289,,,,,,3.27,3.62,1.39,2.68,3.36,1.22,2.84,1.16,1.3,2.67,2.56,3.83,3.26,3.36,1.3,1.33,2.56,2.37,4.42,3.25,3.39,1.33,1.26,2.54,2.45,4.49,2.94,3.33,1.34,1.26,2.66,2.56,4.29,2.91,3.35,1.3,1.34,2.8,2.48,4.26,2.88,73,82,153,,Male,A.maculatum_UTEP_644,A.maculatum
A.mavortium_106097,2.165,0.267,YES,0,4.227,1.085,1.085,4.92,5.12,2.22,3.87,5.32,3.65,3.66,2.02,2.06,3.96,4.23,5.08,5.24,4.02,2.26,2.31,4.49,4.37,5.8,4.99,4.14,2.21,2.12,4.36,4.4,5.96,4.68,4.04,2.2,2.11,4.35,4.4,5.79,4.5,,,,,,,,,,,,,A.mavortium_TNHC_106097,A.mavortium
A.mavortium_113149,1.524,0.157,YES,0,3.529,0.834,0.941,4.07,4.21,1.51,3.21,4.44,1.49,3.17,1.46,1.62,3.36,3.12,3.98,4.35,3.45,1.73,1.7,3.29,3.13,4.57,4.47,3.34,1.59,1.58,3.36,3.24,4.75,4.15,3.18,1.61,1.52,3.34,3.21,4.6,4.11,3.18,1.6,1.6,3.46,2.81,4.6,3.71,,,,,,A.mavortium_TNHC_113149,A.mavortium
A.mavortium_113150,1.593,-0.07,YES,1,3.303,1.149,0.91,4.17,4.17,1.57,3.23,4.58,1.69,3,1.69,1.65,3.33,3.18,3.68,4.47,3.18,1.69,1.7,3.27,3.29,4.28,4.51,3.22,1.59,1.59,3.35,3.31,4.34,4.13,2.97,1.56,1.58,3.31,3.31,4.28,4.08,3.25,1.53,1.52,3.59,3.16,4.39,3.75,,,,,,A.mavortium_TNHC_113150,A.mavortium
A.mavortium_1693,1.433,-0.095,YES,1,2.54,1.325,1.148,3.77,3.73,1.31,2.58,3.76,1.42,2.39,1.38,1.43,2.62,2.66,3.38,3.84,2.55,1.4,1.33,2.46,2.54,3.92,4,2.64,1.42,1.31,2.48,2.54,3.9,3.68,2.57,1.38,1.36,2.35,2.43,3.89,3.66,2.47,1.35,1.4,2.44,2.38,3.66,3.7,75,82,133,,,A.mavortium_UTEP_1693,A.mavortium
A.mavortium_1696,,,YES,1,2.203,0.938,0.814,3.3,3.22,0.98,2.3,3.13,1.18,2,1.18,1.22,2.31,2.18,2.79,3.32,2.13,1.25,1.24,2.13,2.11,3.09,3.53,2.26,1.25,1.19,2.13,2.11,3.06,3.23,2.14,1.21,1.17,2.07,2.22,2.97,3.2,2.15,1.26,1.26,2.14,1.99,2.85,2.92,58,63,105,,Female,A.mavortium_UTEP_1696,A.mavortium
A.mavortium_1698,1.804,-0.11,YES,1,4.154,2.219,1.218,,6.17,1.66,5.14,,2.75,3.67,2.53,2.69,,5.39,5.75,6.47,4.57,2.61,2.66,5.38,5.48,5.92,6.72,,2.64,2.57,5.18,5.18,6.08,,4.48,2.93,2.62,4.89,5.09,6.1,5.93,4.51,2.52,2.66,5.35,4.76,5.89,5.32,113,128,212,,,A.mavortium_UTEP_1698,A.mavortium
A.mavortium_1699,1.658,0.137,YES,0,4.552,1.316,1.02,5.65,5.13,1.74,4.97,6.03,2.18,4.26,1.91,2.12,4.65,4.53,5.99,5.22,4.38,2.19,2.13,4.88,4.93,5.85,5.54,4.51,2.14,2.09,4.62,4.7,6.09,5.2,4.47,2.17,2.14,4.59,4.69,5.86,5.39,,,,,,,,,120,210,,,A.mavortium_UTEP_1699,A.mavortium
A.mavortium_1701,1.12,0.122,YES,0,2.13,0.755,0.645,2.95,2.96,1.22,1.99,3.42,1.18,1.92,1.15,1.22,2.13,1.94,2.72,3.32,2.01,1.24,1.24,1.94,1.87,2.79,3.28,2.02,1.07,1.2,1.87,1.73,2.75,3.26,2.01,1.04,1.12,1.86,1.78,2.76,3.22,2,1.14,1.14,1.9,1.71,2.51,2.96,57,60,108,"""Larva""",,A.mavortium_UTEP_1701,A.mavortium
A.mavortium_1702,1.182,0.107,YES,0,2.198,0.733,0.661,3.15,3.23,1.34,2.18,3.27,1.21,1.99,1.23,1.23,2.32,2.17,2.8,3.51,2.15,1.24,1.2,2.21,2.09,3.03,3.47,2.14,1.16,1.13,2.06,1.95,3.02,3.36,2.19,1.17,1.09,2.08,2.03,2.92,3.27,2.16,1.14,1.05,2.16,2.05,2.85,3.11,56,60,98,"""Recently transformed""",,A.mavortium_UTEP_1702,A.mavortium
A.mavortium_1708,,,YES,0,3.203,0.843,0.963,4.34,4.41,1.54,3.05,3.98,1.5,2.83,1.43,1.62,3.29,3.28,3.96,4.3,3.15,1.62,1.55,3.34,3.42,4.23,4.34,3.34,1.62,1.55,3.2,3.32,4.39,4.24,3.35,1.4,1.61,,3.09,4.22,3.44,2.06,1.5,1.48,,,,,83,93,156,,Female,A.mavortium_UTEP_1708,A.mavortium
A.mavortium_91548,1.437,0.055,YES,0,4.02,0.953,0.911,4.73,4.83,1.68,3.01,4.59,1.83,3.53,1.76,1.87,3.18,3.41,4.72,4.59,3.84,1.95,1.91,3.51,3.57,5.03,4.76,3.97,1.85,1.84,3.64,3.51,5.22,4.44,3.87,1.85,1.85,3.42,3.51,5.16,4.55,3.65,2.04,1.87,3.82,3.45,4.94,3.92,,,,,,A.mavortium_TNHC_91548,A.mavortium
A.mavortium_91583,1.437,0,YES,1,3.937,1.12,0.775,4.85,4.85,1.51,3.14,4.58,1.83,3.49,1.78,1.75,3.26,3.43,4.53,4.73,3.64,1.86,1.84,3.62,3.6,5.01,4.78,3.84,1.9,1.82,3.51,3.45,5.05,4.24,3.86,1.92,1.82,3.47,3.54,5.2,4.33,3.65,1.9,1.91,3.88,3.69,4.71,4,,,,,,A.mavortium_TNHC_91583,A.mavortium
A.mavortium_91625,1.394,0,YES,1,3.797,1.163,1.024,4.77,4.62,1.64,2.93,4.63,1.79,3.33,1.65,1.77,3.03,3.24,4.42,4.65,3.51,1.8,1.79,3.39,3.18,4.9,4.63,3.65,1.78,1.77,3.19,3.14,4.87,4.3,3.71,1.82,1.78,3.23,3.26,5.01,4.37,3.43,1.89,1.84,3.7,3.33,4.87,3.97,,,,,,A.mavortium_TNHC_91625,A.mavortium
A.opacum_1276,,,NO,0,1.591,0.409,0.431,1.93,2.18,0.85,1.47,2.13,0.83,1.4,0.86,0.78,1.42,1.34,1.85,2.12,1.54,0.79,0.81,1.39,1.38,2.05,2.17,1.58,0.79,0.79,1.38,1.3,2.11,1.98,1.62,0.78,0.76,1.47,1.39,2.15,2.02,1.46,0.78,0.7,1.47,1.27,1.98,1.77,40,44,71,,Male,A.opacum_UTEP_1276,A.opacum
A.opacum_1280,,,NO,0,1.878,0.293,0.261,2.05,2.34,0.78,1.25,2.09,0.78,1.52,0.83,0.75,1.44,1.26,2.09,2.15,1.75,0.8,0.83,1.4,1.34,2.44,2.12,1.8,0.73,0.81,1.52,1.41,2.44,1.95,1.81,0.79,0.79,1.57,1.47,2.38,1.91,1.69,0.72,0.71,1.66,1.28,2.25,1.9,43,48,77,,Male,A.opacum_UTEP_1280,A.opacum
A.opacum_1285,,,NO,0,2.253,0.15,0.335,2.54,2.53,0.87,1.74,2.49,0.84,1.9,0.89,0.86,1.84,1.56,2.31,2.33,2.12,0.9,0.91,1.71,1.52,2.75,2.35,2.15,0.89,0.88,1.59,1.57,2.81,2.18,2.27,0.88,0.87,1.66,1.62,2.87,2.15,2.06,0.92,0.81,1.79,1.56,2.54,1.99,49,55,87,,Male,A.opacum_UTEP_1285,A.opacum
A.opacum_1295,1.028,0.12,NO,0,2.673,0.281,0.439,2.51,2.66,0.99,2.13,2.79,1.03,2.11,1.02,1,2.17,1.98,2.66,2.67,2.57,1.05,1.06,2.12,2.08,3.19,2.67,2.63,1.11,1.07,2.12,2.09,3.19,2.45,2.63,1.14,1.01,2.08,2.09,3.22,2.37,2.43,1.06,,2.27,1.77,3.06,2.38,57,64,95,,Male,A.opacum_UTEP_1295,A.opacum
A.opacum_1298,1.13,0.322,NO,0,2.756,0.467,0.551,3.03,3.07,1.26,2.1,2.9,1.07,2.23,0.95,0.99,2.17,2.11,3.15,2.78,2.71,1.19,1.15,2.15,2.21,3.33,2.75,2.69,1.16,1.07,2.22,2.24,3.43,2.6,2.65,1.18,1.09,2.36,2.38,3.46,2.54,2.65,1.15,1.06,2.42,2.24,3.34,2.43,57,65,110,,Male,A.opacum_UTEP_1298,A.opacum
A.opacum_1299,1.172,0.293,NO,0,2.887,0.446,0.601,2.99,3.06,1.12,2.3,2.96,1.09,2.46,1.09,1.08,2.22,2.35,3.23,2.79,2.83,1.16,1.13,2.45,2.41,3.58,2.82,2.77,1.25,1.16,2.44,2.43,3.72,2.53,2.77,1.22,1.1,2.62,2.64,3.65,2.6,2.71,1.07,1.09,2.8,2.52,3.46,2.33,57,65,110,,Male,A.opacum_UTEP_1299,A.opacum
A.opacum_1300,1.062,0.252,NO,0,2.669,0.169,0.436,2.69,2.98,1,1.84,2.84,0.95,2.38,0.91,0.96,1.96,1.87,3.06,2.56,2.7,1,1.06,2.05,2.05,3.27,2.61,2.61,1.06,1.05,2.08,2.06,3.26,2.54,2.56,1.03,0.98,2.12,2.16,3.35,2.51,2.5,1.01,1.04,2.26,2.1,3.18,2.32,61,68,112,,Male,A.opacum_UTEP_1300,A.opacum
A.opacum_1306,1.117,0.248,NO,0,2.6,0.406,0.529,2.59,2.85,1.12,2.1,2.96,1.06,2.33,1.05,1.02,2.09,1.9,3,2.79,2.63,1.12,1.11,2.18,2.18,3.35,2.78,2.51,1.13,1.11,2.26,2.25,3.36,2.59,2.53,1.08,1.05,2.3,2.33,3.39,2.57,2.5,1.08,1,2.43,2.24,3.39,2.45,60,65,105,,Female,A.opacum_UTEP_1306,A.opacum
A.opacum_1307,1.082,0.248,NO,0,2.791,0.366,0.599,2.76,2.88,1.05,2.06,2.84,1.1,2.29,1.12,1.16,2.14,1.9,3.02,2.64,2.71,1.25,1.23,2.13,2.11,3.33,2.75,2.72,1.17,1.19,2.21,2.17,3.52,2.65,2.68,1.27,1.11,2.29,2.19,3.59,2.59,2.5,1.2,1.09,2.34,2.08,3.18,2.41,61,66,112,,Female,A.opacum_UTEP_1307,A.opacum
A.opacum_1309,1.185,0.296,NO,0,2.897,0.366,0.474,3.05,3.15,1.12,2.28,3.04,1.12,2.42,1.05,1.09,2.25,2.14,3.25,2.79,2.88,1.12,1.21,2.23,2.32,3.54,2.91,2.84,1.16,1.18,2.29,2.33,3.58,2.6,2.86,1.23,1.11,2.4,2.55,3.7,2.51,2.8,1.2,1.12,2.55,2.38,3.62,2.39,63,71,104,,Female,A.opacum_UTEP_1309,A.opacum
A.opacum_1310,1.375,0.375,NO,0,3.297,0.243,0.6,3.46,3.39,1.27,2.6,3.35,1.17,2.71,1.06,1.24,2.54,2.45,3.86,3.08,3.23,1.39,1.31,2.49,2.51,4.03,3.3,3.22,1.33,1.28,2.57,2.68,4.11,2.96,3.22,1.39,1.24,2.58,2.69,4.16,2.85,3.17,1.22,1.22,2.73,2.73,3.97,2.68,70,76,126,,Female,A.opacum_UTEP_1310,A.opacum
A.opacum_1348,1.085,0.302,NO,0,2.803,0.462,0.486,2.85,2.95,1.05,1.99,3.07,1.05,2.29,1.04,1.06,2.06,1.73,2.97,2.81,2.77,1.26,1.22,1.98,1.96,3.43,2.78,2.71,1.19,1.14,2.15,2.12,3.42,2.56,2.78,1.16,1.12,2.27,2.31,3.57,2.55,2.58,1.11,1.08,2.48,2.24,3.25,2.25,60,65,108,,Female,A.opacum_UTEP_1348,A.opacum
A.opacum_1351,1.088,0.285,NO,0,2.782,0.333,0.489,2.77,2.83,1.23,1.91,2.93,1.08,2.35,1.07,1.07,2.04,1.91,3,2.69,2.72,1.16,1.17,2.17,2.13,3.47,2.69,2.72,1.17,1.12,2.32,2.26,3.55,2.59,2.77,1.13,1.07,2.38,2.45,3.5,2.56,2.75,1.09,1.09,2.4,2.26,3.47,2.41,60,64,103,,Male,A.opacum_UTEP_1351,A.opacum
A.ordinarium_1564,1.248,0.375,NO,0,3.12,0.565,0.681,3.9,3.9,1.29,3.34,4.07,1.53,2.98,1.31,1.39,3.28,3.22,4.02,3.75,3.16,1.58,1.36,3.12,3.1,4.3,3.9,3.12,1.4,1.36,3.1,3.14,4.1,3.59,3.18,1.43,1.44,3.11,3.14,4.12,3.45,3.3,1.36,1.45,3.3,3.11,4.11,3.15,80,90,150,,,A.ordinaria_UTEP_1564,A.ordinarium
A.ordinarium_1570,1.1,0.145,NO,1,2.26,0.841,0.532,2.87,3.15,1.09,2.14,3.12,1.12,1.94,1.09,1.06,2.23,2.23,2.64,,2.13,1.1,1.08,2.19,2.03,2.87,2.92,2.26,1.06,1.06,2.02,2.02,2.99,2.9,2.29,1.06,1.1,2.02,2.07,2.95,2.94,2.28,1.06,1.11,2.24,2.08,2.9,2.81,60,66,115,"""Larva""",,A.ordinaria_UTEP_1570,A.ordinarium
A.ordinarium_1575,0.968,0.093,NO,1,2.22,0.796,0.635,2.8,2.87,1.02,2.26,3.08,0.92,1.82,0.87,0.99,2.22,2.18,2.42,3.07,2.02,1.01,1,2.07,1.99,2.81,3,2.22,1.02,1.03,2.05,1.93,2.94,2.73,2.21,1.05,1.01,2.01,1.97,2.97,2.85,2.16,0.93,1.01,2.22,2.14,2.8,2.74,55,59,103,,Male,A.ordinaria_UTEP_1575,A.ordinarium
A.subsalsum_1550,1.513,-0.051,,,,,,4.99,5.06,1.54,3.32,5.08,1.77,3.34,1.59,1.68,3.13,3.35,4.35,4.84,3.72,1.62,1.62,3.24,3.34,4.66,4.83,3.82,1.59,1.54,3.22,3.51,4.99,4.49,3.69,1.62,1.59,3.3,3.55,5.12,4.13,3.75,1.71,1.74,3.64,3.29,4.98,3.79,107,118,197,,Female,A.subsalsum_UTEP_1550,A.subsalsum
A.subsalsum_1557,1.379,0.154,NO,0,2.91,0.632,0.758,3.59,3.39,1.33,2.75,3.99,1.34,2.48,1.28,1.39,2.89,2.49,3.35,3.67,2.83,1.31,1.32,2.49,2.48,3.79,3.95,2.91,1.26,1.3,2.63,2.61,4.07,3.71,2.93,1.29,1.3,2.73,2.61,3.82,3.58,2.9,1.38,1.47,2.97,2.68,3.83,3.24,70,78,137,,Male,A.subsalsum_UTEP_1557,A.subsalsum
A.talpoideum_86913,1.267,0.501,YES,1,2.65,0.729,0.621,2.73,3.79,1.29,2.37,3.28,1.17,1.92,1.04,1.14,2.41,2.42,2.76,3.13,2.38,1.22,1.22,2.25,2.29,3.27,3.18,2.59,1.19,1.17,2.26,2.31,3.61,2.94,2.5,1.12,1.12,2.25,2.31,3.5,2.85,2.48,1.1,1.13,2.44,2,3.32,2.79,,,,,,A.talpoideum_TNHC_86913,A.talpoideum
A.talpoideum_86914,1.385,0.339,YES,0,2.759,0.586,0.586,2.75,3.97,1.4,2.17,3.36,1.22,1.99,1.17,1.21,2.3,2.42,2.83,3.15,2.56,1.21,1.31,2.27,2.18,3.47,3.23,2.66,1.18,1.19,2.35,2.28,3.66,2.99,2.56,1.16,1.14,2.32,2.27,3.61,2.86,2.44,1.11,1.08,2.33,1.99,3.33,2.86,,,,,,A.talpoideum_TNHC_86914,A.talpoideum
A.texanum_1709,1.183,0.32,NO,0,3.492,0.625,0.683,3.05,3.37,1.34,2.33,2.9,1.35,2.59,1.26,1.38,2.41,2.34,3.56,2.72,3.13,1.35,1.41,2.55,2.35,4.34,2.95,3.36,1.36,1.37,2.5,2.37,4.56,2.73,3.35,1.34,1.33,2.59,2.55,4.59,2.64,3.07,1.29,1.3,2.76,2.58,4.24,2.33,79,86,145,,Male,A.texanum_UTEP_1709,A.texanum
A.texanum_1710,1.416,0.432,NO,0,3.391,0.691,0.905,3.07,3.81,1.45,2.57,2.93,1.45,2.57,1.36,1.4,2.58,2.38,3.59,2.8,3.12,1.39,1.45,2.51,2.36,4.14,3.03,3.29,1.42,1.39,2.6,2.51,4.52,2.88,3.32,1.46,1.28,2.69,2.53,4.55,2.81,3.16,1.27,1.37,2.69,2.58,4.27,2.5,77,84,137,,Male,A.texanum_UTEP_1710,A.texanum
A.texanum_1711,1.291,0.266,NO,0,3.564,0.609,0.7,2.89,3.45,1.36,2.32,3.01,1.37,2.64,1.23,1.39,2.39,2.39,3.51,2.93,3.04,1.41,1.43,2.47,2.37,4.08,3.09,3.44,1.42,1.42,2.59,2.55,4.41,2.78,3.43,1.34,1.35,2.56,2.59,4.44,2.73,3.15,1.38,1.27,2.67,2.65,4.07,2.48,76,82,135,,Male,A.texanum_UTEP_1711,A.texanum
A.texanum_1714,1.384,0.325,NO,0,3.313,0.368,0.622,2.99,3.27,1.34,2.1,2.73,1.12,2.63,1.08,1.13,2.18,2.08,3.66,2.56,3.16,1.16,1.14,2.11,2.09,4.04,2.84,3.24,1.1,1.08,2.31,2.23,4.28,2.76,3.45,1.07,1.08,2.36,2.24,4.44,2.47,3.02,1.02,1.1,2.31,2.22,3.98,2.18,69,75,110,,Male,A.texanum_UTEP_1714,A.texanum
A.texanum_1720,1.145,0.201,NO,0,2.958,0,0.538,2.8,3.19,1.28,2.31,2.62,1.26,2.33,1.18,1.17,2.39,2.38,3.2,2.57,2.8,1.24,1.24,2.38,2.37,3.66,2.81,2.88,1.25,1.24,2.33,2.42,3.9,2.58,2.89,1.19,1.21,2.52,2.58,4,2.53,2.69,1.36,1.18,2.67,2.4,3.7,2.3,68,72,111,,Female,A.texanum_UTEP_1720,A.texanum
A.texanum_1721,1.324,0.307,NO,0,3.253,0.364,0.617,3.19,3.5,1.34,2.5,2.85,1.31,2.54,1.2,1.29,2.51,2.28,3.6,2.74,3.24,1.32,1.32,2.34,2.29,4.18,2.86,3.24,1.28,1.26,2.4,2.39,4.34,2.68,3.18,1.2,1.19,2.41,2.32,4.34,2.47,2.66,1.19,1.18,2.52,2.28,3.69,2.34,72,76,123,,Male,A.texanum_UTEP_1721,A.texanum
A.texanum_1725,1.252,0.204,NO,0,3.396,0.616,0.793,3.16,3.55,1.41,2.41,2.87,1.16,2.53,1.07,1.24,2.3,2.39,3.52,2.74,3.05,1.29,1.31,2.34,2.44,4.12,2.94,3.32,1.33,1.34,2.53,2.64,4.32,2.67,3.4,1.38,1.28,2.55,2.63,4.57,2.53,3.09,1.26,1.31,2.85,2.84,4.09,2.49,74,82,145,,Female,A.texanum_UTEP_1725,A.texanum
A.texanum_1726,1.347,0.308,NO,0,3.38,0.239,0.675,2.98,3.38,1.44,2.32,2.92,1.32,2.56,1.22,1.26,2.35,1.98,3.39,2.59,3.1,1.35,1.38,2.25,2.23,3.68,2.73,3.32,1.36,1.36,2.48,2.36,4.37,2.64,3.42,1.35,1.34,2.45,2.39,4.42,2.56,3.21,1.31,1.29,2.65,2.54,4.06,2.48,73,81,145,,,A.texanum_UTEP_1726,A.texanum
A.texanum_1734,1.128,0.258,NO,0,2.33,0.551,0.568,,,,,,,1.8,0.92,1,1.96,1.66,2.57,2.22,2.25,1.05,1.08,,1.75,3.04,2.26,2.33,1.02,1.03,1.96,1.8,3.14,2.04,2.27,0.96,1.01,1.96,1.86,3.14,1.93,2.1,0.98,0.99,2.1,1.89,2.9,1.91,55,60,100,,Male,A.texanum_UTEP_1734,A.texanum
A.texanum_1737,1.545,0.403,NO,0,3.566,0.45,0.638,2.97,3.89,1.48,2.58,2.95,1.5,2.61,1.31,1.46,2.63,2.55,3.54,2.67,3.43,1.53,1.55,2.7,2.67,4.2,2.83,3.55,1.54,1.57,2.91,2.72,4.58,2.81,3.5,1.38,1.5,2.82,2.77,4.58,2.77,3.38,1.32,1.29,2.83,2.76,4.15,2.66,78,83,135,,Male,A.texanum_UTEP_1737,A.texanum
A.tigrinum_1622,1.873,0.127,NO,0,4.247,0.488,0.628,4.52,4.54,1.87,3.63,5.38,1.73,4.1,1.66,1.73,3.67,3.56,5.08,4.48,2.51,1.93,1.85,3.71,3.58,4.68,4.38,4.24,1.86,1.74,3.68,3.75,5.18,4.35,4.09,1.72,1.75,3.69,3.8,5.47,4.35,4.09,1.7,1.72,4.01,3.79,5.61,4.19,95,107,203,,Male,A.tigrinum_UTEP_1622,A.tigrinum
A.tigrinum_1629,,,NO,0,3.81,0.4,0.578,,3.97,1.75,,,,,,,,,,,4.28,1.71,1.72,3.11,3.01,4.94,4.09,3.81,1.7,1.73,2.99,2.88,4.86,3.74,4.11,1.74,1.7,3.05,2.93,4.94,3.85,3.72,1.66,1.68,3.09,,,,89,99,174,,Female,A.tigrinum_UTEP_1629,A.tigrinum
A.tigrinum_1646,,,NO,1,2.64,0.654,0.478,3.45,2.99,1.51,2.18,3.56,1.11,2.41,1.04,1.01,2.32,2.15,3.17,3.31,2.57,1.02,1.33,2.17,2.02,3.3,3.23,2.64,1.21,1.36,2.15,2.11,3.51,3.02,2.53,1.16,1.27,2.21,2.18,3.46,2.84,2.35,1.12,1.17,2.24,2.16,3.22,2.65,68,76,118,"""Raised from larva""",Female,A.tigrinum_UTEP_1646,A.tigrinum
A.tigrinum_1667,,,NO,0,3.59,0.705,0.525,3.69,3.67,1.47,3.35,4.49,1.51,3.1,1.51,1.7,3.49,3.28,4.38,4.26,3.71,1.79,1.82,3.36,3.17,4.86,4.27,3.59,1.74,1.74,3.34,3.34,4.98,4.21,3.53,1.67,1.78,3.27,3.25,5.01,3.94,3.54,1.67,1.7,3.47,3.16,4.79,3.6,91,104,171,,Male,A.tigrinum_UTEP_1667,A.tigrinum
A.tigrinum_1668,1.621,0.203,YES,0,3.736,1.195,1.023,4.46,4.35,1.66,3.36,4.91,1.79,3.32,1.68,1.95,3.47,3.39,4.36,4.95,3.54,1.97,1.95,3.64,3.46,4.89,4.98,3.75,1.97,2.01,3.62,3.56,5.14,4.77,3.83,1.93,1.89,3.61,3.61,5.26,4.6,3.41,1.77,1.8,3.74,3.57,4.74,4.16,90,102,185,,Male,A.tigrinum_UTEP_1668,A.tigrinum
A.tigrinum_1669,1.163,0.014,NO,,2.83,,,3.43,3.59,1.42,2.69,3.96,1.4,2.59,1.36,1.34,2.82,,3.49,3.81,2.79,1.53,1.66,2.87,2.85,3.94,3.91,2.83,1.43,1.47,,2.45,3.76,3.66,2.83,1.44,1.5,2.75,2.55,4.09,3.45,2.68,1.46,1.43,2.71,2.4,3.94,3.18,78,85,138,,Male,A.tigrinum_UTEP_1669,A.tigrinum
A.tigrinum_1671,1.158,0.096,YES,0,2.684,0.886,0.882,3.63,3.47,1.3,2.7,3.78,1.29,2.23,1.32,1.42,2.86,2.49,3.29,3.87,2.59,1.42,1.45,2.64,2.42,3.73,3.93,2.73,1.46,1.42,2.62,2.45,3.78,3.95,2.79,1.39,1.42,2.67,2.47,3.81,3.74,2.65,1.5,1.48,2.69,2.54,3.69,3.26,76,82,138,,Male,A.tigrinum_UTEP_1671,A.tigrinum
A.tigrinum_1672,1.365,0.194,YES,1,2.986,1.141,0.98,3.6,3.74,1.49,3.12,4.2,1.44,2.52,1.52,1.56,3.22,2.95,3.57,4.22,2.77,1.59,1.6,3.03,2.99,3.94,4.18,2.91,1.56,1.53,3.1,3.08,4.03,3.99,2.85,1.52,1.5,3.11,3.11,4.04,3.86,2.78,1.54,1.54,3.26,2.87,3.84,3.47,72,80,123,,,A.tigrinum_UTEP_1672,A.tigrinum
A.tigrinum_1674,1.3,0.142,NO,1,2.672,0.984,0.765,3.21,3.2,1.17,2.57,3.69,1.35,2.17,1.34,1.38,2.74,2.44,3.16,3.78,2.49,1.48,1.44,2.56,2.42,3.51,3.71,2.67,1.37,1.31,2.4,2.31,3.55,3.51,2.68,1.35,1.28,2.41,2.36,3.72,3.45,2.57,1.34,1.28,2.39,2.26,3.45,3.14,72,78,127,,Female,A.tigrinum_UTEP_1674,A.tigrinum
A.tigrinum_1675,1.124,0.054,NO,1,2.724,0.856,0.774,3.48,3.49,1.19,2.52,3.71,1.51,2.45,1.43,1.53,2.69,2.55,3.23,3.79,2.65,1.56,1.55,2.7,2.54,3.7,3.85,2.67,1.56,1.54,2.62,2.48,3.75,3.68,2.76,1.5,1.5,2.57,2.48,3.87,3.47,2.62,1.51,1.49,2.59,2.4,3.69,3.31,73,78,134,,Female,A.tigrinum_UTEP_1675,A.tigrinum
A.tigrinum_1679,,,NO,0,2.55,0.998,0.8,3.28,3.16,1.18,2.44,3.65,1.38,2.31,1.36,1.44,2.46,2.22,3.12,3.68,2.42,1.53,1.52,2.33,2.21,3.35,3.66,2.55,1.41,1.39,2.4,2.26,3.57,3.44,2.63,1.45,1.37,2.41,2.29,3.6,3.36,2.51,1.35,1.42,2.34,2.15,3.47,3.08,70,76,126,,Female,A.tigrinum_UTEP_1679,A.tigrinum
A.tigrinum_1680,1.207,0.048,NO,1,2.574,0.809,0.667,3.38,3.43,1.06,2.55,3.56,1.3,2.18,1.28,1.36,2.63,2.38,3.27,3.57,2.49,1.44,1.43,2.59,2.41,3.55,3.89,2.58,1.46,1.43,2.52,2.4,3.69,3.61,2.63,1.48,1.44,2.62,2.51,3.7,3.32,2.46,1.54,1.43,2.72,2.45,3.55,3.25,70,75,126,,,A.tigrinum_UTEP_1680,A.tigrinum
A.tigrinum_1681,1.159,0.146,NO,0,2.834,0.627,0.676,3.21,3.6,1.22,2.73,3.9,1.42,2.45,1.43,1.47,2.79,2.67,3.29,4.01,2.58,1.53,1.58,2.79,2.69,3.8,4.05,2.83,1.52,1.49,2.76,2.77,3.99,3.72,2.78,1.52,1.42,2.74,2.73,4.01,3.62,2.74,1.52,1.42,2.84,2.58,3.85,3.36,68,75,123,,,A.tigrinum_UTEP_1681,A.tigrinum
A.tigrinum_1682,,,NO,1,2.53,0.822,0.508,3.29,3.17,1.22,2.68,3.79,1.35,2.05,1.36,1.38,2.62,2.59,3.16,3.74,2.32,1.43,1.38,2.49,2.38,3.32,3.7,2.53,1.35,1.34,2.51,2.39,3.4,3.55,2.5,1.32,1.32,2.46,2.44,3.41,3.39,2.39,1.31,1.37,2.59,2.39,3.41,3.25,67,73,122,,Female,A.tigrinum_UTEP_1682,A.tigrinum
A.tigrinum_1683,,,NO,0,2.53,0.633,0.588,3.1,3.3,1.3,2.68,3.67,1.36,2.09,1.29,1.33,2.76,2.39,2.92,3.55,2.42,1.43,1.41,2.49,2.34,3.33,3.59,2.53,1.37,1.38,2.56,2.44,3.39,3.36,2.62,1.38,1.32,2.62,2.47,3.57,3.28,2.41,1.37,1.36,2.61,2.38,3.22,3.16,61,72,118,,Female,A.tigrinum_UTEP_1683,A.tigrinum
A.tigrinum_1684,,,NO,0,2.6,0.66,0.688,,,,,,,2.28,1.27,1.19,2.78,2.71,3.29,3.52,2.53,1.32,1.33,2.68,2.61,3.55,3.55,2.6,1.3,1.3,2.6,2.6,3.58,3.37,2.51,1.23,1.25,2.66,2.6,3.7,3.18,2.48,1.27,1.27,2.77,2.53,3.42,2.92,,,,,,A.tigrinum_UTEP_1684,A.tigrinum
A.tigrinum_1685,1.006,0.058,NO,1,2.724,0.94,0.784,3.61,3.37,1.11,2.63,3.82,1.43,2.55,1.41,1.47,2.67,2.55,3.24,3.8,2.48,1.52,1.55,2.61,2.59,3.49,3.9,2.67,1.46,1.51,2.63,2.56,3.71,3.65,2.58,1.51,1.49,2.58,2.58,3.68,3.44,2.65,1.51,1.53,2.61,2.37,3.52,3.29,67,71,108,,,A.tigrinum_UTEP_1685,A.tigrinum
A.tigrinum_1686,1.19,0.035,NO,1,2.439,0.861,0.717,3.51,3.25,1.1,2.48,3.79,1.25,2.17,1.24,1.32,2.58,2.45,3.14,3.69,2.37,1.45,1.38,2.51,2.42,3.32,3.77,2.44,1.42,1.41,2.54,2.43,3.55,3.45,2.44,1.45,1.37,2.5,2.48,3.49,3.31,2.44,1.41,1.34,2.56,2.38,3.36,3.32,65,70,114,,,A.tigrinum_UTEP_1686,A.tigrinum
A.tigrinum_1690,,,NO,0,2.31,0.916,0.832,3.23,2.96,1.13,2.35,3.6,1.32,2.18,1.23,1.33,2.49,2.33,3.07,3.75,2.16,1.38,1.37,2.32,2.29,3.05,3.73,2.31,1.4,1.29,2.31,2.31,3.36,3.73,2.31,1.32,1.29,2.27,2.3,3.32,3.49,2.44,1.34,1.35,2.39,2.24,3.35,3.34,53,57,90,,,A.tigrinum_UTEP_1690,A.tigrinum
TxVP_41229-10074,,,,,,,,,,,,,,,,,,,,,4.28,1.77,1.85,,,5.47,4.54,,,,,,,,,,,,,,,,,,,,,,,,,,,,TxVP
TxVP_41229-10854,,,,0,4.098,1.189,1.019,,,,,,,,,,,,,,,,,,,,,3.71,2,1.76,3.82,3.85,5.27,4.41,,,,,,,,,,,,,,,,,,,,,TxVP
TxVP_41229-10899,,,,1,3.898,0.616,0.985,,,,,,,3.52,1.83,1.79,4.08,3.86,5.05,4.08,,,,,,,,,,,,,,,,,,,,,,,,,,,,,,,,,,,TxVP
TxVP_41229-10996,,,,0,4.151,0.935,1.051,,,,,,,,,,,,,,,,,,,,,4.03,1.62,1.74,3.53,3.89,5.31,4.73,,,,,,,,,,,,,,,,,,,,,TxVP
TxVP_41229-11011,,,,1,4.005,0.813,1.046,,,,,,,,,,,,,,,,,,,,,4.06,1.87,1.82,3.34,3.48,5.23,,,,,,,,,,,,,,,,,,,,,,TxVP
TxVP_41229-11012,,,,,,,,,,,,,,,,,,,,,,,,,,,,3.71,1.85,1.75,2.94,4.91,,,,,,,,,,,,,,,,,,,,,,,TxVP
TxVP_41229-11249,,,,,,,,,,,,,,,,,,,,,,,,,,,,,,,,,,,,,,,,,,4.11,2.26,2.21,,,5.62,,,,,,,,TxVP
TxVP_41229-25000,1.99,0.188,,,,,,5.21,5.05,2.16,3.57,5.57,1.85,,,,,,,,,,,,,,,,,,,,,,,,,,,,,,,,,,,,,,,,,,TxVP
TxVP_41229-25015,,,,,,,,,,,,,,,,,,,,,,,,,,,,4.37,2.04,1.97,4.2,4.21,6.06,4.7,,,,,,,,,,,,,,,,,,,,,TxVP
TxVP_41229-25017,,,,1,4.395,1.011,1.073,,,,,,,,,,,,,,,,,,,,,4.52,2.16,2.08,4.31,4.29,5.92,5.13,,,,,,,,,,,,,,,,,,,,,TxVP
TxVP_41229-25018,,,,0,4.138,1.143,1.051,,,,,,,,,,,,,,,,,,,,,3.71,1.64,1.88,3.49,,5.01,4.15,,,,,,,,,,,,,,,,,,,,,TxVP
TxVP_41229-25019,,,,1,3.972,1.108,1.17,,,,,,,,,,,,,,,,,,,,,3.87,1.69,,3.97,3.93,5.53,4.29,,,,,,,,,,,,,,,,,,,,,TxVP
TxVP_41229-25023,,,,,,,,,,,,,,,,,,,,,,,,,,,,,2.16,,,4.86,6.43,5.08,,,,,,,,,,,,,,,,,,,,,TxVP
TxVP_41229-25024,,,,0,4.083,1.283,1.411,,,,,,,,,,,,,,,,,,,,,4.06,1.86,1.92,4.14,4.29,5.86,4.44,,,,,,,,,,,,,,,,,,,,,TxVP
TxVP_41229-25025,,,,0,3.438,1.019,0.728,,,,,,,,,,,,,,,,,,,,,,1.59,,3.34,3.59,4.49,3.57,,,,,,,,,,,,,,,,,,,,,TxVP
TxVP_41229-25031,,,,,,,,,,,,,,,,,,,,,,,,,,,,5.02,2.47,,4.82,5.05,6.66,,,,,,,,,,,,,,,,,,,,,,TxVP
TxVP_41229-25033,,,,,,,,,,,,,,,,,,,,,,,,,,,,4.08,1.81,1.8,4.07,4.11,5.59,4.17,,,,,,,,,,,,,,,,,,,,,TxVP
TxVP_41229-25034,,,,0,4.277,1.287,0.903,,,,,,,,,,,,,,,,,,,,,,,,,,,,4.37,1.84,1.86,4.06,3.85,5.76,4.15,,,,,,,,,,,,,,TxVP
TxVP_41229-25042,,,,,,,,,,,,,,,,,,,,,,,,,,,,4.79,2.06,,4.26,4.28,6.14,,,,,,,,,,,,,,,,,,,,,,TxVP
TxVP_41229-25096,,,,0,0,1.307,0.875,,,,,,,,,,,,,,,,,,,,,,,,,,,,3.9,1.87,1.91,4.26,4.06,5.43,4.18,,,,,,,,,,,,,,TxVP
TxVP_41229-25101,1.665,0.179,,,,,,,4.69,1.66,,,,,,,,,,,,,,,,,,,,,,,,,,,,,,,,,,,,,,,,,,,,,TxVP
TxVP_41229-25106,,,,,,,,,,,,,,3.13,1.51,1.62,3.33,,,,,,,,,,,,,,,,,,,,,,,,,,,,,,,,,,,,,,TxVP
TxVP_41229-25107,,,,,,,,,,,,,,,,,,,,,2.6,1.57,1.46,2.69,2.78,3.85,3.28,,,,,,,,,,,,,,,,,,,,,,,,,,,,TxVP
TxVP_41229-25108,,,,,,,,,,,,,,2.44,1.46,1.6,2.79,2.54,3.21,3.65,,,,,,,,,,,,,,,,,,,,,,,,,,,,,,,,,,,TxVP
TxVP_41229-25109,,,,,,,,,,,,,,,,,,,,,,,,,,,,,1.59,,3.22,,,,,,,,,,,,,,,,,,,,,,,,TxVP
TxVP_41229-25110,,,,0,4.284,1.379,0.78,,,,,,,,,,,,,,,,,,,,,3.33,1.72,1.67,4.05,3.91,5.04,3.78,,,,,,,,,,,,,,,,,,,,,TxVP
TxVP_41229-25111,,,,1,4.428,0.958,1.15,,,,,,,,,,,,,,,,,,,,,3.9,1.95,1.94,4.16,4.29,5.72,4.83,,,,,,,,,,,,,,,,,,,,,TxVP
TxVP_41229-25112,,,,,,,,,,,,,,,,,,,,,,,,,,,,2.04,1.24,1.37,2.49,2.48,3.44,3.15,,,,,,,,,,,,,,,,,,,,,TxVP
TxVP_41229-25113,,,,1,4.055,0.915,1.081,,,,,,,,,,,,,,,,,,,,,3.75,1.93,1.88,4.23,4.11,5.59,4.37,,,,,,,,,,,,,,,,,,,,,TxVP
TxVP_41229-25114,,,,1,4.293,0.788,1.172,,,,,,,,,,,,,,,,,,,,,3.85,1.8,1.86,4.03,4.25,5.86,4.41,,,,,,,,,,,,,,,,,,,,,TxVP
TxVP_41229-25115,,,,,,,,,,,,,,,,,,,,,,,,,,,,3.38,1.66,1.72,,3.51,5.13,4.35,,,,,,,,,,,,,,,,,,,,,TxVP
TxVP_41229-25116,,,,0,4.42,1.135,0.628,,,,,,,,,,,,,,,,,,,,,,,,,,,,3.96,2,2.11,4.36,4.12,5.15,4.32,,,,,,,,,,,,,,TxVP
TxVP_41229-25125,,,,,,,,,,,,,,,,,,,,,,,,,,,,,,,4.4,4.3,5.36,,,,,,,,,,,,,,,,,,,,,,TxVP
TxVP_41229-25126,,,,,,,,,,,,,,,,,,,,,,,,,,,,4.04,1.93,2.01,3.99,3.95,5.52,,,,,,,,,,,,,,,,,,,,,,TxVP
TxVP_41229-25128,,,,,,,,,,,,,,,,,,,,,,,,,,,,,,,,,,,,,,,,,,3.83,1.95,1.89,4.45,3.71,5.29,3.57,,,,,,,TxVP
TxVP_41229-25129,,,,,,,,,,,,,,,,,,,,,,,,,,,,,,,,,,,,,,,,,,3.53,1.65,1.71,3.53,3.37,5.12,3.46,,,,,,,TxVP
TxVP_41229-25133,,,,1,4.632,1.016,1.183,,,,,,,,,,,,,,,,,,,,,4.09,1.89,1.9,4.18,4.19,5.68,4.58,,,,,,,,,,,,,,,,,,,,,TxVP
TxVP_41229-25134,,,,0,3.744,0.696,0.675,,,,,,,,,,,,,,,,,,,,,3.28,1.75,1.87,4.16,4.47,5.07,4.12,,,,,,,,,,,,,,,,,,,,,TxVP
TxVP_41229-25135,,,,0,4.438,1.044,1.044,,,,,,,,,,,,,,,,,,,,,3.85,1.89,1.75,3.93,4.08,5.67,4.23,,,,,,,,,,,,,,,,,,,,,TxVP
TxVP_41229-25137,,,,,,,,,,,,,,3.57,1.83,1.78,3.79,,5.16,4.42,,,,,,,,,,,,,,,,,,,,,,,,,,,,,,,,,,,TxVP
TxVP_41229-25141,,,,1,4.432,1.042,1.275,,,,,,,,,,,,,,,,,,,,,3.74,2.04,1.98,4.53,4.73,6,4.78,,,,,,,,,,,,,,,,,,,,,TxVP
TxVP_41229-25142,,,,,2.91,,0.87,,,,,,,,,,,,,,,,,,,,,2.78,1.46,1.45,2.5,,3.62,,,,,,,,,,,,,,,,,,,,,,TxVP
TxVP_41229-25143,,,,0,4.378,1.051,1.051,,,,,,,,,,,,,,,,,,,,,4.41,2.09,2.01,4.56,4.29,5.98,4.7,,,,,,,,,,,,,,,,,,,,,TxVP
TxVP_41229-25144,,,,1,3.892,0.589,1.053,,,,,,,,,,,,,,,,,,,,,3.65,1.68,1.89,3.71,4.09,5.62,4.8,,,,,,,,,,,,,,,,,,,,,TxVP
TxVP_41229-25145,,,,,,,,,,,,,,,,,,,,,,,,,,,,4.28,1.94,2.01,4.49,4.81,5.77,,,,,,,,,,,,,,,,,,,,,,TxVP
TxVP_41229-25146,,,,0,3.997,0.872,0.934,,,,,,,,,,,,,,,,,,,,,3.98,1.73,1.71,3.9,3.8,5.13,4.31,,,,,,,,,,,,,,,,,,,,,TxVP
TxVP_41229-25151,,,,1,4.008,1.007,1.248,,,,,,,,,,,,,,,,,,,,,3.67,1.71,1.75,4.08,3.94,5.31,4.29,,,,,,,,,,,,,,,,,,,,,TxVP
TxVP_41229-25161,,,,0,3.853,0.766,0.513,,,,,,,,,,,,,,,,,,,,,,,,,,,,3.44,1.86,1.87,3.68,3.42,4.78,,,,,,,,,,,,,,,TxVP
TxVP_41229-25163,,,,0,4.247,1.159,1.159,,,,,,,,,,,,,,,,,,,,,3.83,1.85,1.86,3.85,3.95,5.48,4.36,,,,,,,,,,,,,,,,,,,,,TxVP
TxVP_41229-25164,,,,,,,,,,,,,,,,,,,,,,,,,,,,3.78,1.63,1.66,3.83,3.78,5.05,3.69,,,,,,,,,,,,,,,,,,,,,TxVP
TxVP_41229-25165,,,,,,,,,,,,,,,,,,,,,,,,,,,,,,,,,,,,,,,,,,4.11,2.03,1.88,4.41,3.91,5.33,3.88,,,,,,,TxVP
TxVP_41229-25167,,,,1,2.799,0.647,0.856,,,,,,,,,,,,,,,,,,,,,2.6,1.5,1.55,2.57,2.52,3.9,3.44,,,,,,,,,,,,,,,,,,,,,TxVP
TxVP_41229-25172,,,,,,,,,,,,,,,,,,,,,,,,,,,,4.31,2.02,1.92,3.75,,6.01,4.31,,,,,,,,,,,,,,,,,,,,,TxVP
TxVP_41229-25173,,,,,,,,,,,,,,,,,,,,,,,,,,,,,1.68,,3.82,4.02,5.41,,,,,,,,,,,,,,,,,,,,,,TxVP
TxVP_41229-25174,,,,1,3.919,0.788,1.051,,,,,,,,,,,,,,,,,,,,,3.98,1.91,1.84,3.88,3.88,5.61,4.24,,,,,,,,,,,,,,,,,,,,,TxVP
TxVP_41229-25176,,,,1,5.211,0.561,0.932,,,,,,,,,,,,,,,,,,,,,4.59,2.2,2.12,4.93,4.98,6.39,5.16,,,,,,,,,,,,,,,,,,,,,TxVP
TxVP_41229-25177,,,,1,4.207,0.825,1.173,,,,,,,,,,,,,,,,,,,,,4.14,2.05,1.92,4.09,4.23,5.43,4.15,,,,,,,,,,,,,,,,,,,,,TxVP
TxVP_41229-25178,,,,1,4.443,0.899,1.068,,,,,,,,,,,,,,,,,,,,,4.32,1.66,1.96,4.12,4.72,6.04,4.54,,,,,,,,,,,,,,,,,,,,,TxVP
TxVP_41229-25179,,,,1,4.045,0.475,0.984,,,,,,,3.78,1.75,1.88,3.78,4.02,4.85,4.71,,,,,,,,,,,,,,,,,,,,,,,,,,,,,,,,,,,TxVP
TxVP_41229-25180,,,,1,4.325,0.908,1.125,,,,,,,,,,,,,,3.86,1.91,2,3.82,4.2,5.6,4.82,,,,,,,,,,,,,,,,,,,,,,,,,,,,TxVP
TxVP_41229-25181,,,,,,,,,,,,,,,,,,,,,,,,,,,,2.96,1.61,1.62,3,2.98,4.13,3.58,,,,,,,,,,,,,,,,,,,,,TxVP
TxVP_41229-25182,,,,1,3.773,0.856,1.103,,,,,,,,,,,,,,,,,,,,,3.51,1.68,1.69,3.67,3.67,5.2,4.03,,,,,,,,,,,,,,,,,,,,,TxVP
TxVP_41229-25183,,,,1,4.391,0.844,1.047,,,,,,,,,,,,,,,,,,,,,4.25,2.03,2.05,4.04,4.74,5.97,4.9,,,,,,,,,,,,,,,,,,,,,TxVP
TxVP_41229-25184,,,,,,,,,,,,,,,,,,,,,,,,,,,,4.24,1.89,1.81,,4.21,5.77,4.57,,,,,,,,,,,,,,,,,,,,,TxVP
TxVP_41229-25187,,,,1,3.917,0.913,1.027,,,,,,,,,,,,,,,,,,,,,3.62,1.85,1.76,3.44,3.63,5.16,4.38,,,,,,,,,,,,,,,,,,,,,TxVP
TxVP_41229-25190,,,,,,,,,,,,,,,,,,,,,,,,,,,,,,,,,,,,,,,,,,,,2.04,,4.42,5.28,4.5,,,,,,,TxVP
TxVP_41229-25193,,,,1,3.606,1.035,1.168,,,,,,,,,,,,,,,,,,,,,3.4,1.64,1.63,3.65,3.53,5.08,3.86,,,,,,,,,,,,,,,,,,,,,TxVP
TxVP_41229-25197,1.549,0.039,,,,,,4.43,4.5,1.58,,4.63,1.73,,,,,,,,,,,,,,,,,,,,,,,,,,,,,,,,,,,,,,,,,,TxVP
TxVP_41229-25200,,,,,,,,,,,,,,,,,,,,,,,,,,,,3.68,1.64,1.61,3.59,3.66,5.12,,,,,,,,,,,,,,,,,,,,,,TxVP
TxVP_41229-25201,,,,1,4.369,0.5,1.053,,,,,,,,,,,,,,,,,,,,,4.33,1.94,2,3.87,4.15,5.73,4.12,,,,,,,,,,,,,,,,,,,,,TxVP
TxVP_41229-25209,,,,,,,,,,,,,,,,,,,,,,,,,,,,3.65,1.73,1.89,,4.22,5.17,,,,,,,,,,,,,,,,,,,,,,TxVP
TxVP_41229-25210,,,,,,,,,,,,,,,,,,,,,,,,,,,,,,1.72,,3.92,4.8,4.26,,,,,,,,,,,,,,,,,,,,,TxVP
TxVP_41229-25213,,,,0,4.464,1.31,1.146,,,,,,,,,,,,,,,,,,,,,4.22,1.92,1.9,4.11,4.19,5.81,4.73,,,,,,,,,,,,,,,,,,,,,TxVP
TxVP_41229-25214,,,,1,4.446,0.904,0.961,,,,,,,,,,,,,,,,,,,,,3.83,2,1.82,3.89,3.84,5.27,,,,,,,,,,,,,,,,,,,,,,TxVP
TxVP_41229-25215,,,,1,3.897,0.881,1.071,,,,,,,,,,,,,,,,,,,,,3.82,1.71,1.68,3.86,4.28,5.38,4.36,,,,,,,,,,,,,,,,,,,,,TxVP
TxVP_41229-25217,,,,,,,,,,,,,,,,,,,,,,,,,,,,,,,,,,,,,,3.16,2.93,4.15,,,,,,,,,,,,,,,TxVP
TxVP_41229-25218,,,,,,,,,,,,,,,,,,,,,,,,,,,,,,,,,,,,,,,,,,3.71,1.89,1.87,3.93,3.64,5.1,3.76,,,,,,,TxVP
TxVP_41229-25220,,,,,,,,,,,,,,,,,,,,,,,,,,,,3.55,1.97,1.62,4.58,,,3.63,,,,,,,,,,,,,,,,,,,,,TxVP
TxVP_41229-25221,,,,0,4.326,1.034,1.034,,,,,,,,,,,,,,,,,,,,,4.34,1.88,1.89,4.27,4.27,5.8,4.49,,,,,,,,,,,,,,,,,,,,,TxVP
TxVP_41229-25224,,,,,,,,,,,,,,,,,,,,,,,,,,,,,,,,,,,,,,,,,,,,,4.28,3.87,5.13,,,,,,,,TxVP
TxVP_41229-25230,,,,0,3.551,0.856,0.831,,,,,,,,,,,,,,3.39,1.66,1.53,3.7,3.85,4.77,4.14,,,,,,,,,,,,,,,,,,,,,,,,,,,,TxVP
TxVP_41229-25231,,,,,,,,,,,,,,,,,,,,,3.79,1.76,1.85,,,,,,,,,,,,,,,,,,,,,,,,,,,,,,,,TxVP
TxVP_41229-25232,,,,0,4.832,0.833,0.833,,,,,,,,,,,,,,,,1.96,4.04,4.03,5.37,5.02,,,,,,,,,,,,,,,,,,,,,,,,,,,,TxVP
TxVP_41229-25233,,,,,,,,,,,,,,,,,,,,,3.13,1.57,1.61,2.96,,,,,,,,,,,,,,,,,,,,,,,,,,,,,,,TxVP
TxVP_41229-25234,,,,,,,,,,,,,,,,,,,,,2.72,1.31,1.44,,2.93,3.34,3.9,,,,,,,,,,,,,,,,,,,,,,,,,,,,TxVP
TxVP_41229-25235,,,,,,,,,,,,,,,,,,,,,,,,,,,,,,,,,,,,,,,,,,4.2,2.24,2.25,4.31,4.18,5.23,5.08,,,,,,,TxVP
TxVP_41229-25245,,,,1,4.546,0.932,1.015,,,,,,,,,,,,,,,,,,,,,4.61,2.07,1.8,4.34,4.89,6.1,4.54,,,,,,,,,,,,,,,,,,,,,TxVP
TxVP_41229-25247,,,,1,3.649,0.93,1.069,,,,,,,,,,,,,,3.43,1.73,1.86,3.54,3.8,4.9,4.28,,,,,,,,,,,,,,,,,,,,,,,,,,,,TxVP
TxVP_41229-25254,,,,1,4.229,0.631,0.767,,,,,,,,,,,,,,3.84,1.68,1.77,3.67,3.63,4.94,4.29,,,,,,,,,,,,,,,,,,,,,,,,,,,,TxVP
TxVP_41229-25255,,,,,,,,,,,,,,,,,,,,,,,,,,,,1.86,,,3.63,3.83,5.36,,,,,,,,,,,,,,,,,,,,,,TxVP
TxVP_41229-25258,1.34,0.228,,,,,,3.56,3.73,1.42,,,1.43,,,,,,,,,,,,,,,,,,,,,,,,,,,,,,,,,,,,,,,,,,TxVP
TxVP_41229-25260,,,,,,,,,,,,,,,,,,,,,,,,,,,,3.24,1.75,1.85,,3.15,,3.14,,,,,,,,,,,,,,,,,,,,,TxVP
TxVP_41229-25262,,,,0,4.493,1.022,1.022,,,,,,,,,,,,,,,,,,,,,4.34,1.78,1.65,3.31,3.61,5.43,4.22,,,,,,,,,,,,,,,,,,,,,TxVP
TxVP_41229-25268,,,,,,,,,,,,,,2.55,1.51,1.47,2.86,2.76,3.62,3.57,,,,,,,,,,,,,,,,,,,,,,,,,,,,,,,,,,,TxVP
TxVP_41229-25269,,,,1,4.41,0.553,0.903,,,,,,,,,,,,,,4.32,1.85,2.17,,4.54,5.54,5.09,,,,,,,,,,,,,,,,,,,,,,,,,,,,TxVP
TxVP_41229-25270,,,,,,,,,,,,,,,,,,,,,3.49,1.64,1.62,,,4.62,,,,,,,,,,,,,,,,,,,,,,,,,,,,,TxVP
TxVP_41229-25271,,,,1,4.505,0.852,0.979,,,,,,,,,,,,,,4.17,1.81,1.71,3.67,3.65,5.22,3.84,,,,,,,,,,,,,,,,,,,,,,,,,,,,TxVP
TxVP_41229-25272,,,,,,,,,,,,,,,,,,,,,3.34,1.61,,3.07,3.23,4.61,,,,,,,,,,,,,,,,,,,,,,,,,,,,,TxVP
TxVP_41229-25273,,,,1,3.882,0.942,1.261,,,,,,,,,,,,,,3.37,1.61,1.67,3.42,3.58,4.85,,,,,,,,,,,,,,,,,,,,,,,,,,,,,TxVP
TxVP_41229-25274,,,,1,3.811,0.898,0.999,,,,,,,,,,,,,,,,,,,,,3.54,1.61,1.59,3.43,3.53,4.76,3.87,,,,,,,,,,,,,,,,,,,,,TxVP
TxVP_41229-25275,,,,,,,,,,,,,,,,,,,,,,,,,,,,4.14,1.96,1.96,3.66,,,,,,,,,,,,,,,,,,,,,,,,TxVP
TxVP_41229-25276,,,,0,,1.226,0.976,,,,,,,,,,,,,,,,,,,,,,,1.91,3.79,3.87,5.04,4.19,,,,,,,,,,,,,,,,,,,,,TxVP
TxVP_41229-25277,,,,,,,,,,,,,,,,,,,,,,,,,,,,,1.43,,2.78,2.39,3.63,,,,,,,,,,,,,,,,,,,,,,TxVP
TxVP_41229-25278,,,,,,,,,,,,,,,,,,,,,4.19,2.01,2.03,4.22,4.2,5.85,5.18,,,,,,,,,,,,,,,,,,,,,,,,,,,,TxVP
TxVP_41229-25279,,,,1,3.135,0.172,0.285,,,,,,,,,,,,,,3.32,1.57,1.64,3.25,,4.22,4.46,,,,,,,,,,,,,,,,,,,,,,,,,,,,TxVP
TxVP_41229-25280,,,,0,4.139,0.777,0.699,,,,,,,,,,,,,,3.96,2.09,2.23,3.74,4.42,5.05,4.92,,,,,,,,,,,,,,,,,,,,,,,,,,,,TxVP
TxVP_41229-25281,,,,0,2.278,0.539,0.597,,,,,,,,,,,,,,2.43,1.53,1.48,2.75,2.33,3.4,3.5,,,,,,,,,,,,,,,,,,,,,,,,,,,,TxVP
TxVP_41229-25282,,,,0,4.389,0.405,0.321,,,,,,,,,,,,,,,,,,,,,,,,,,,,,,,,,,,4.44,1.92,1.92,4.35,4,5.63,4.05,,,,,,,TxVP
TxVP_41229-25291,,,,0,5.083,0.977,0.73,,,,,,,,,,,,,,,,,,,,,,,,,,,,,,,,,,,4.54,2.01,2.02,4.25,4.36,5.63,4.08,,,,,,,TxVP
TxVP_41229-25293,,,,1,3.847,0.437,0.537,,,,,,,,,,,,,,4.21,1.99,1.88,3.62,3.49,5.03,4.9,,,,,,,,,,,,,,,,,,,,,,,,,,,,TxVP
TxVP_41229-25294,,,,0,4.051,0.922,0.922,,,,,,,,,,,,,,3.82,1.93,1.75,3.55,3.43,4.76,4.15,,,,,,,,,,,,,,,,,,,,,,,,,,,,TxVP
TxVP_41229-25295,,,,0,3.039,0.834,0.834,,,,,,,,,,,,,,,,,,,,,3.07,1.54,1.54,2.94,2.97,4,3.58,,,,,,,,,,,,,,,,,,,,,TxVP
TxVP_41229-25296,,,,1,4.149,0.914,1.081,,,,,,,,,,,,,,,,,,,,,4.23,1.91,1.82,4.02,3.97,5.8,4.34,,,,,,,,,,,,,,,,,,,,,TxVP
TxVP_41229-25297,,,,,4.247,,0.798,,,,,,,,,,,,,,,,,,,,,4.25,2.14,1.98,4.22,,5.43,,,,,,,,,,,,,,,,,,,,,,TxVP
TxVP_41229-25298,,,,1,4.668,0.593,0.893,,,,,,,,,,,,,,,,,,,,,4.55,1.97,1.87,4.39,4.51,5.8,4.9,,,,,,,,,,,,,,,,,,,,,TxVP
TxVP_41229-25300,1.919,0.174,,,,,,5.38,5.24,1.99,3.85,5.62,1.92,,,,,,,,,,,,,,,,,,,,,,,,,,,,,,,,,,,,,,,,,,TxVP